region_name	ride_count
UpperEastSide	186591627
Midtown	244889803
UpperWestSide	123561129
Gramercy	107929909
GarmentDistrict	80946772
Chelsea	94202097
FinancialDistrict	49448409
Clinton	51049850
GreenwichVillage	59592188
MurrayHill	51037315
EastVillage	49282211
Soundview	1413347
Soho	37874358
WestVillage	38229125
CarnegieHill	17543032
Tribeca	29213199
LowerEastSide	37675464
CentralPark	20820818
BatteryPark	19964033
MorningsideHeights	13822365
Yorkville	15148331
Astoria-LongIslandCity	19418300
WashingtonHeights	17307162
Harlem	20374842
NorthSuttonArea	11897463
SunnySide	11295284
EastHarlem	9943169
Williamsburg	19472921
FortGreen	17061750
LittleItaly	11668994
