region_name	ride_count
UpperEastSide	209349899
Midtown	261937915
UpperWestSide	129662043
Gramercy	126962734
GarmentDistrict	88539886
Chelsea	113589794
GreenwichVillage	78428679
FinancialDistrict	47366969
Clinton	55504742
MurrayHill	53412157
WestVillage	46707370
EastVillage	61856553
Soho	40990366
Tribeca	33507459
CarnegieHill	17829146
CentralPark	21241305
LowerEastSide	43061107
BatteryPark	18549029
MorningsideHeights	13237037
NorthSuttonArea	16926678
Yorkville	13461015
LittleItaly	16405001
Astoria-LongIslandCity	9355284
Williamsburg	10578661
Harlem	8247565
SunnySide	7350338
EastHarlem	5443379
Chinatown	6765434
HamiltonHeights	3898746
FortGreen	5289396
